{
  "2M0437 b": {
    "dec": 26.8502997,
    "dist": 128.484,
    "ra": 69.3405531,
    "x_earth": -18.313215015101147,
    "y_earth": -4.2013650140083065,
    "z_earth": 127.10276528789507
  },
  "2MASS J01225093-2439505 b": {
    "dec": -24.6646128,
    "dist": 33.8281,
    "ra": 20.7128012,
    "x_earth": -8.703338219636036,
    "y_earth": 28.906891683737452,
    "z_earth": 15.26380904719701
  },
  "4 UMa b": {
    "dec": 64.3280504,
    "dist": 73.4603,
    "ra": 130.0528099,
    "x_earth": -1.7393108594477429,
    "y_earth": -5.191362213020067,
    "z_earth": 73.25599110105217
  },
  "BD-10 3166 b": {
    "dec": -10.7704227,
    "dist": 84.4069,
    "ra": 164.6191243,
    "x_earth": -5.829101867847204,
    "y_earth": -17.919961480340906,
    "z_earth": 82.27649311660869
  },
  "GJ 367 d": {
    "dec": -45.7790165,
    "dist": 9.41263,
    "ra": 146.121464,
    "x_earth": 0.0788508036401569,
    "y_earth": -2.107010921349119,
    "z_earth": -9.17343398324645
  },
  "GJ 676 A d": {
    "dec": -51.6377777,
    "dist": 16.0272,
    "ra": 262.5448903,
    "x_earth": 0.6955994761636444,
    "y_earth": -3.0830686564095227,
    "z_earth": -15.712478126273592
  },
  "HD 1461 b": {
    "dec": -8.0536206,
    "dist": 23.4534,
    "ra": 4.6762645,
    "x_earth": 0.16798464057942142,
    "y_earth": 4.64813778196835,
    "z_earth": -22.987574206087245
  },
  "HD 8673 b": {
    "dec": 34.5793389,
    "dist": 37.8619,
    "ra": 21.5378455,
    "x_earth": 34.029952735248976,
    "y_earth": -16.57719507522247,
    "z_earth": -0.8260701451698089
  },
  "HS Psc b": {
    "dec": 26.9528036,
    "dist": 37.6604,
    "ra": 24.347379,
    "x_earth": -6.56964541235809,
    "y_earth": 6.569173273124639,
    "z_earth": 36.4964580449055
  },
  "K2-3 c": {
    "dec": -1.4551364,
    "dist": 44.0727,
    "ra": 172.3353708,
    "x_earth": -4.574819157980493,
    "y_earth": 2.2224580871455037,
    "z_earth": -43.77824339797859
  },
  "Kapteyn c": {
    "dec": -45.0430198,
    "dist": 3.93305,
    "ra": 77.9586613,
    "x_earth": -1.6050245850013036,
    "y_earth": 1.0542131070736918,
    "z_earth": -3.432406314659648
  },
  "LHS 3844 b": {
    "dec": -69.1721081,
    "dist": 14.8846,
    "ra": 340.4962038,
    "x_earth": 5.326588835444871,
    "y_earth": 13.872922163142318,
    "z_earth": -0.8489989361057653
  },
  "Pr0201 b": {
    "dec": 20.2268164,
    "dist": 180.64,
    "ra": 130.4324005,
    "x_earth": 1.9551548183132625,
    "y_earth": -34.68742027859729,
    "z_earth": 177.26750927356196
  },
  "Proxima Cen b": {
    "dec": -62.6761821,
    "dist": 1.30119,
    "ra": 217.3934657,
    "x_earth": -1.0435296318543732,
    "y_earth": -0.7506278292789179,
    "z_earth": 0.2017403912306513
  }
}
