{
  "Kepler-351 d": {
    "dec": 42.6577891,
    "dist": 1083.91,
    "ra": 286.4527949,
    "x_earth": -913.7925127328824,
    "y_earth": 582.9615182611329,
    "z_earth": -1051.2019756186205
  },
  "Kepler-702 b": {
    "dec": 41.6617245,
    "dist": 992.071,
    "ra": 293.8781041,
    "x_earth": 137.64188867365968,
    "y_earth": 982.4762488342137,
    "z_earth": -726.0385473629658
  },
  "Kepler-1873 b": {
    "dec": 46.0483705,
    "dist": 820.957,
    "ra": 294.596557,
    "x_earth": 620.8924438973402,
    "y_earth": 537.0874872496921,
    "z_earth": 722.3084108384365
  },
  "Kepler-1093 c": {
    "dec": 41.4202077,
    "dist": 1072.88,
    "ra": 284.9780251,
    "x_earth": -661.0928158431636,
    "y_earth": -845.0016468862987,
    "z_earth": -587.5180114906872
  },
  "Kepler-229 d": {
    "dec": 48.3757867,
    "dist": 826.265,
    "ra": 286.9994758,
    "x_earth": -364.041282918843,
    "y_earth": 741.7464489674371,
    "z_earth": -784.6055825173037
  },
  "WASP-42 b": {
    "dec": -42.0736165,
    "dist": 177.291,
    "ra": 192.981203,
    "x_earth": -39.85629827075339,
    "y_earth": 172.75292810587246,
    "z_earth": 167.2666310519165
  },
  "KMT-2017-BLG-1146L b": {
    "dec": -33.1424694,
    "dist": 6500,
    "ra": 269.105833,
    "x_earth": 3114.3327423722108,
    "y_earth": 5705.342370952719,
    "z_earth": -6421.32403225996
  },
  "GJ 676 A d": {
    "dec": -51.6377777,
    "dist": 16.0272,
    "ra": 262.5448903,
    "x_earth": 3.5273794422437956,
    "y_earth": 15.634216773168903,
    "z_earth": -15.712478126273592
  },
  "GJ 367 d": {
    "dec": -45.7790165,
    "dist": 9.41263,
    "ra": 146.121464,
    "x_earth": -0.35200304942054933,
    "y_earth": -9.406045788220394,
    "z_earth": -9.17343398324645
  },
  "Kepler-1645 b": {
    "dec": 48.418582,
    "dist": 1202.47,
    "ra": 297.4795142,
    "x_earth": -677.9812320496202,
    "y_earth": -993.1140669069587,
    "z_earth": -1156.9261935221423
  }
}
